{
  "users": [
    {
      "id": 1,
      "email": "user1@example.com",
      "name": "User 1",
      "password": "123456",
      "phone": "+20 01000000000"
    },
    {
      "id": 2,
      "email": "user2@example.com",
      "name": "User 2",
      "password": "qwerty",
      "phone": "+20 01000000000"
    },
    {
      "id": 3,
      "email": "user3@example.com",
      "name": "User 3",
      "password": "123456",
      "phone": "+20 01000000000"
    },
    {
      "id": 4,
      "email": "user4@example.com",
      "name": "User 4",
      "password": "123456",
      "phone": "+20 01000000000"
    },
    {
      "id": 5,
      "email": "user5@example.com",
      "name": "User 5",
      "password": "qwerty",
      "phone": "+20 01000000000"
    },
    {
      "id": 6,
      "email": "user6@example.com",
      "name": "User 6",
      "password": "123456",
      "phone": "+20 01000000000"
    },
    {
      "id": 7,
      "email": "user7@example.com",
      "name": "User 7",
      "password": "123456",
      "phone": "+20 01000000000"
    },
    {
      "id": 8,
      "email": "user8@example.com",
      "name": "User 8",
      "password": "qwerty",
      "phone": "+20 01000000000"
    },
    {
      "id": 9,
      "email": "user9@example.com",
      "name": "User 9",
      "password": "123456",
      "phone": "+20 01000000000"
    },
    {
      "name": "Ahmed Osama",
      "email": "islam.monjid@kijamii.com",
      "phone": "11112110791",
      "password": "111111",
      "id": 10
    },
    {
      "name": "Ahmed Osama",
      "email": "islam.monjid@kijamii.com",
      "phone": "11112110791",
      "password": "111111",
      "id": 11
    },
    {
      "name": "Ahmed Osama",
      "email": "islam.monjid@kijamii.com",
      "phone": "11112110791",
      "password": "111111",
      "id": 12
    },
    {
      "name": "Ahmed Osama",
      "email": "islam.monjid@kijamii.com",
      "phone": "11112110791",
      "password": "111111",
      "id": 13
    },
    {
      "name": "Ahmed Osama zzzz",
      "email": "islam.monjid@kijamii.com",
      "phone": "11112110791",
      "password": "111111",
      "id": 14
    },
    {
      "name": "Ahmed Osama 333334444",
      "email": "islam.monjid@kijamii.com",
      "phone": "11112110791",
      "password": "111111",
      "id": 15
    },
    {
      "name": "Ahmed Osama",
      "email": "islam.monjid@kijamii.com",
      "phone": "11112110791",
      "password": "111111",
      "id": 16
    },
    {
      "name": "Ahmed Osama 33333",
      "email": "islam.monjid@kijamii.com",
      "phone": "11112110791",
      "password": "111111",
      "id": 17
    },
    {
      "name": "Ahmed Osama",
      "email": "ahmedosama704@gmail.com",
      "phone": "11112110791",
      "password": "1111111",
      "id": 18
    },
    {
      "name": "Ahmed Osama",
      "email": "fahmy.maged@kijamii.com",
      "phone": "11112110791",
      "password": "111111",
      "id": 19
    }
  ]
}